{
  "total_processes": 50,
  "total_time": 2412,
  "avg_turnaround": 446.16,
  "std_turnaround": 442.8446842855856,
  "avg_waiting": 387.3,
  "std_waiting": 402.0444378423858,
  "avg_response": 384.66,
  "cpu_utilization": 93.65671641791045,
  "throughput": 0.020729684908789386,
  "fairness": 0.16175201693083802,
  "avg_slowdown": 16.228907917611576,
  "algorithm": "EDF",
  "num_cpus": 1,
  "deadline_misses": 43,
  "deadline_miss_rate": 86.0,
  "missed_pids": [
    1,
    3,
    8,
    4,
    6,
    13,
    17,
    15,
    20,
    16,
    11,
    19,
    21,
    24,
    26,
    27,
    18,
    28,
    33,
    23,
    35,
    36,
    29,
    30,
    32,
    31,
    37,
    34,
    25,
    39,
    42,
    46,
    38,
    45,
    44,
    48,
    49,
    47,
    40,
    41,
    22,
    50,
    43
  ],
  "tardiness": 17224
}